--
-- PostgreSQL database dump
--

-- Dumped from database version 14.5
-- Dumped by pg_dump version 14.5

SET statement_timeout = 0;
SET lock_timeout = 0;
SET idle_in_transaction_session_timeout = 0;
SET client_encoding = 'UTF8';
SET standard_conforming_strings = on;
SELECT pg_catalog.set_config('search_path', '', false);
SET check_function_bodies = false;
SET xmloption = content;
SET client_min_messages = warning;
SET row_security = off;

--
-- Name: adminpack; Type: EXTENSION; Schema: -; Owner: -
--

CREATE EXTENSION IF NOT EXISTS adminpack WITH SCHEMA pg_catalog;


--
-- Name: EXTENSION adminpack; Type: COMMENT; Schema: -; Owner: 
--

COMMENT ON EXTENSION adminpack IS 'administrative functions for PostgreSQL';


--
-- Name: hibernate_sequence; Type: SEQUENCE; Schema: public; Owner: postgres
--

CREATE SEQUENCE public.hibernate_sequence
    START WITH 1
    INCREMENT BY 1
    NO MINVALUE
    NO MAXVALUE
    CACHE 1;


ALTER TABLE public.hibernate_sequence OWNER TO postgres;

SET default_tablespace = '';

SET default_table_access_method = heap;

--
-- Name: person; Type: TABLE; Schema: public; Owner: postgres
--

CREATE TABLE public.person (
    id bigint NOT NULL,
    address character varying(255),
    birthday date,
    cellphone character varying(255),
    email character varying(255),
    identification character varying(10) NOT NULL,
    lastname character varying(255) NOT NULL,
    name character varying(255) NOT NULL,
    id_vaccine_status bigint NOT NULL
);


ALTER TABLE public.person OWNER TO postgres;

--
-- Name: role; Type: TABLE; Schema: public; Owner: postgres
--

CREATE TABLE public.role (
    id bigint NOT NULL,
    description character varying(255) NOT NULL
);


ALTER TABLE public.role OWNER TO postgres;

--
-- Name: users; Type: TABLE; Schema: public; Owner: postgres
--

CREATE TABLE public.users (
    id bigint NOT NULL,
    active integer NOT NULL,
    password character varying(255) NOT NULL,
    username character varying(255) NOT NULL,
    id_role bigint NOT NULL,
    id_person bigint NOT NULL
);


ALTER TABLE public.users OWNER TO postgres;

--
-- Name: vaccine; Type: TABLE; Schema: public; Owner: postgres
--

CREATE TABLE public.vaccine (
    id bigint NOT NULL,
    date date,
    dosis_number integer NOT NULL,
    id_person bigint NOT NULL,
    id_vaccine_type bigint NOT NULL
);


ALTER TABLE public.vaccine OWNER TO postgres;

--
-- Name: vaccine_status; Type: TABLE; Schema: public; Owner: postgres
--

CREATE TABLE public.vaccine_status (
    id bigint NOT NULL,
    description character varying(255) NOT NULL
);


ALTER TABLE public.vaccine_status OWNER TO postgres;

--
-- Name: vaccine_type; Type: TABLE; Schema: public; Owner: postgres
--

CREATE TABLE public.vaccine_type (
    id bigint NOT NULL,
    description character varying(255) NOT NULL
);


ALTER TABLE public.vaccine_type OWNER TO postgres;

--
-- Data for Name: person; Type: TABLE DATA; Schema: public; Owner: postgres
--

COPY public.person (id, address, birthday, cellphone, email, identification, lastname, name, id_vaccine_status) FROM stdin;
1	dsa	2022-12-12	asd	asd	asd	asd	dsfsdf	1
3	Cuenca	1995-08-11	0998767543	cristianbar20@gmail.com	0105277099	Barreto Paredes	Christian Fabian	1
5	\N	\N	\N	cristianbar20@gmail.com	0105277099	Barreto 	Christian 	2
6	\N	\N	\N	dayana75@gmail.com	0105277099	Agudo 	Dayana 	2
8	\N	\N	\N	dayana75@gmail.com	0105277099	Agudo 	Dayana 	2
9	\N	\N	\N	dayana75@gmail.com	0105277099	Agudo	Dayana	2
10	\N	\N	\N	dayana75@gmail.com	0105277099	Agudo	null	2
13	\N	\N	\N	dayana75@gmail.com	0105277099	sadasdas	Isabel	2
14	\N	\N	\N	dayana75@gmail.com	0105277099	sadasdas	Isabel Daya	2
15	\N	\N	\N	dayana75@gmail.com	0105277099	sadasdas	Isabel Daya	2
16	\N	\N	\N	dayana75@gmail.com	0105277099	sad asdas	Isabel Daya	2
17	\N	\N	\N	dayana75@gmail.com	0105277099	sad asdas	Isabel Daya	2
18	\N	\N	\N	dayana75@gmail.com	0105277099	sad asdas	Dayan Isabel	2
19	\N	\N	\N	dayana75@gmail.com	0105277099	sad asdas	Dayan Isabel	2
11	\N	\N	\N	dayana75@gmail.com	0105277099	Barreto Paredes	Dayan Isabeasasa	2
21	\N	\N	\N	dayana75@gmail.com	0105277099	sad asdas	Dayan Isabelasasas	2
23	Via la compania	2020-12-11	0997676543	dayana75@gmail.com	0105277099	Barreto Paredes	Dayan Isabeasasa	2
22	Via la compania	2020-12-11	0997676543	dayana75@gmail.com	0105277099	Barreto Paredes	Dayan Isabeasasa	2
\.


--
-- Data for Name: role; Type: TABLE DATA; Schema: public; Owner: postgres
--

COPY public.role (id, description) FROM stdin;
1	Admin
2	Employee
\.


--
-- Data for Name: users; Type: TABLE DATA; Schema: public; Owner: postgres
--

COPY public.users (id, active, password, username, id_role, id_person) FROM stdin;
1	1	sadsadas	cfabian	1	3
2	1	qwqw	cbarreto	2	5
7	1	prueba	prueba	1	1
\.


--
-- Data for Name: vaccine; Type: TABLE DATA; Schema: public; Owner: postgres
--

COPY public.vaccine (id, date, dosis_number, id_person, id_vaccine_type) FROM stdin;
2	2002-12-12	2	5	4
3	2002-12-12	2	3	3
1	2002-12-12	1	3	3
28	2002-12-11	0	1	4
29	2002-12-11	0	13	4
30	2022-10-13	0	13	4
\.


--
-- Data for Name: vaccine_status; Type: TABLE DATA; Schema: public; Owner: postgres
--

COPY public.vaccine_status (id, description) FROM stdin;
1	Vaccinated
2	Not/Vaccinated
\.


--
-- Data for Name: vaccine_type; Type: TABLE DATA; Schema: public; Owner: postgres
--

COPY public.vaccine_type (id, description) FROM stdin;
1	Sputnik
2	AstraZeneca
3	Pfizer
4	Jhonson&Jhonson
\.


--
-- Name: hibernate_sequence; Type: SEQUENCE SET; Schema: public; Owner: postgres
--

SELECT pg_catalog.setval('public.hibernate_sequence', 30, true);


--
-- Name: person person_pkey; Type: CONSTRAINT; Schema: public; Owner: postgres
--

ALTER TABLE ONLY public.person
    ADD CONSTRAINT person_pkey PRIMARY KEY (id);


--
-- Name: role role_pkey; Type: CONSTRAINT; Schema: public; Owner: postgres
--

ALTER TABLE ONLY public.role
    ADD CONSTRAINT role_pkey PRIMARY KEY (id);


--
-- Name: users users_pkey; Type: CONSTRAINT; Schema: public; Owner: postgres
--

ALTER TABLE ONLY public.users
    ADD CONSTRAINT users_pkey PRIMARY KEY (id);


--
-- Name: vaccine vaccine_pkey; Type: CONSTRAINT; Schema: public; Owner: postgres
--

ALTER TABLE ONLY public.vaccine
    ADD CONSTRAINT vaccine_pkey PRIMARY KEY (id);


--
-- Name: vaccine_status vaccine_status_pkey; Type: CONSTRAINT; Schema: public; Owner: postgres
--

ALTER TABLE ONLY public.vaccine_status
    ADD CONSTRAINT vaccine_status_pkey PRIMARY KEY (id);


--
-- Name: vaccine_type vaccine_type_pkey; Type: CONSTRAINT; Schema: public; Owner: postgres
--

ALTER TABLE ONLY public.vaccine_type
    ADD CONSTRAINT vaccine_type_pkey PRIMARY KEY (id);


--
-- Name: users fk1flea6ymfdk8htgkj77xpn3bb; Type: FK CONSTRAINT; Schema: public; Owner: postgres
--

ALTER TABLE ONLY public.users
    ADD CONSTRAINT fk1flea6ymfdk8htgkj77xpn3bb FOREIGN KEY (id_person) REFERENCES public.person(id);


--
-- Name: vaccine fkabopttvcy7sb2opl5jik6sbdx; Type: FK CONSTRAINT; Schema: public; Owner: postgres
--

ALTER TABLE ONLY public.vaccine
    ADD CONSTRAINT fkabopttvcy7sb2opl5jik6sbdx FOREIGN KEY (id_vaccine_type) REFERENCES public.vaccine_type(id);


--
-- Name: users fkdd7mh9fv3g835kod5rfpdcvs9; Type: FK CONSTRAINT; Schema: public; Owner: postgres
--

ALTER TABLE ONLY public.users
    ADD CONSTRAINT fkdd7mh9fv3g835kod5rfpdcvs9 FOREIGN KEY (id_role) REFERENCES public.role(id);


--
-- Name: person fkekxy6mcb17brkvb100gyl06fw; Type: FK CONSTRAINT; Schema: public; Owner: postgres
--

ALTER TABLE ONLY public.person
    ADD CONSTRAINT fkekxy6mcb17brkvb100gyl06fw FOREIGN KEY (id_vaccine_status) REFERENCES public.vaccine_status(id);


--
-- Name: vaccine fkhp0v4kyivhrtgnxrdbw92y2fh; Type: FK CONSTRAINT; Schema: public; Owner: postgres
--

ALTER TABLE ONLY public.vaccine
    ADD CONSTRAINT fkhp0v4kyivhrtgnxrdbw92y2fh FOREIGN KEY (id_person) REFERENCES public.person(id);


--
-- PostgreSQL database dump complete
--

